{"cameraMode":{"drawMode":0,"name":"Shaded","section":"Shading Mode"},"sceneLighting":true,"audioPlay":false,"sceneViewState":{"showFog":true,"showMaterialUpdate":false,"showSkybox":true,"showFlares":true,"showImageEffects":true,"showParticleSystems":true},"in2DMode":false,"pivot":{"x":-3.195580005645752,"y":-8.246870040893555,"z":3.3862767219543459},"rotation":{"x":0.2881234884262085,"y":-0.38542354106903078,"z":0.12738271057605744,"w":0.8676128387451172},"size":13.899799346923829,"orthographic":false}