{"cameraMode":{"drawMode":0,"name":"Shaded","section":"Shading Mode"},"sceneLighting":false,"audioPlay":false,"sceneViewState":{"showFog":true,"showMaterialUpdate":false,"showSkybox":false,"showFlares":true,"showImageEffects":true,"showParticleSystems":true},"in2DMode":false,"pivot":{"x":-0.017150754109025,"y":-0.039852969348430637,"z":-0.01109670102596283},"rotation":{"x":0.17533351480960847,"y":0.1075708270072937,"z":-0.019251970574259759,"w":0.9784509539604187},"size":0.11730850487947464,"orthographic":false}