{"cameraMode":{"drawMode":0,"name":"Shaded","section":"Shading Mode"},"sceneLighting":false,"audioPlay":false,"sceneViewState":{"showFog":true,"showMaterialUpdate":false,"showSkybox":false,"showFlares":true,"showImageEffects":true,"showParticleSystems":true},"in2DMode":false,"pivot":{"x":-0.22212697565555573,"y":-0.8225196599960327,"z":-0.2835173010826111},"rotation":{"x":0.3318478465080261,"y":-0.5655355453491211,"z":0.2655956745147705,"w":0.7071152925491333},"size":0.8725621104240418,"orthographic":false}