{"cameraMode":{"drawMode":0,"name":"Shaded","section":"Shading Mode"},"sceneLighting":false,"audioPlay":false,"sceneViewState":{"showFog":true,"showMaterialUpdate":false,"showSkybox":false,"showFlares":true,"showImageEffects":true,"showParticleSystems":true},"in2DMode":false,"pivot":{"x":-26.42576789855957,"y":249.9209747314453,"z":404.4148864746094},"rotation":{"x":0.426621675491333,"y":0.11483209580183029,"z":-0.05465123802423477,"w":0.8954803347587586},"size":1.2572928667068482,"orthographic":false}