{"cameraMode":{"drawMode":0,"name":"Shaded","section":"Shading Mode"},"sceneLighting":false,"audioPlay":false,"sceneViewState":{"showFog":true,"showMaterialUpdate":false,"showSkybox":false,"showFlares":true,"showImageEffects":true,"showParticleSystems":true},"in2DMode":false,"pivot":{"x":0.06912452727556229,"y":-0.35905107855796816,"z":0.5901628732681274},"rotation":{"x":0.26082733273506167,"y":0.05499419569969177,"z":-0.014860143885016442,"w":0.9637295603752136},"size":0.480960488319397,"orthographic":false}