{"cameraMode":{"drawMode":0,"name":"Shaded","section":"Shading Mode"},"sceneLighting":false,"audioPlay":false,"sceneViewState":{"showFog":true,"showMaterialUpdate":true,"showSkybox":true,"showFlares":true,"showImageEffects":true,"showParticleSystems":true},"in2DMode":false,"pivot":{"x":-5.331375598907471,"y":7.21702241897583,"z":-34.18425750732422},"rotation":{"x":-0.028636295348405839,"y":0.7353125214576721,"z":-0.031128833070397378,"w":-0.6764110326766968},"size":20.743030548095704,"orthographic":false}