{"cameraMode":{"drawMode":0,"name":"Shaded","section":"Shading Mode"},"sceneLighting":false,"audioPlay":false,"sceneViewState":{"showFog":true,"showMaterialUpdate":true,"showSkybox":true,"showFlares":true,"showImageEffects":true,"showParticleSystems":true},"in2DMode":false,"pivot":{"x":4.769618034362793,"y":-5.258085250854492,"z":-32.63563537597656},"rotation":{"x":-0.013100202195346356,"y":0.9666522741317749,"z":-0.2507529854774475,"w":-0.050504203885793689},"size":16.424013137817384,"orthographic":false}