{"cameraMode":{"drawMode":0,"name":"Shaded","section":"Shading Mode"},"sceneLighting":false,"audioPlay":false,"sceneViewState":{"showFog":true,"showMaterialUpdate":true,"showSkybox":true,"showFlares":true,"showImageEffects":true,"showParticleSystems":true},"in2DMode":false,"pivot":{"x":-3.2771551609039308,"y":3.986597776412964,"z":-33.90992736816406},"rotation":{"x":-0.055131785571575168,"y":0.8551293611526489,"z":-0.09298237413167954,"w":-0.5070251822471619},"size":22.651906967163087,"orthographic":false}