{"cameraMode":{"drawMode":0,"name":"Shaded","section":"Shading Mode"},"sceneLighting":false,"audioPlay":false,"sceneViewState":{"showFog":true,"showMaterialUpdate":true,"showSkybox":true,"showFlares":true,"showImageEffects":true,"showParticleSystems":true},"in2DMode":false,"pivot":{"x":8.408292770385743,"y":5.241086959838867,"z":16.081890106201173},"rotation":{"x":-0.02293781004846096,"y":0.9727993011474609,"z":-0.11020901799201966,"w":-0.20246726274490357},"size":5.406717777252197,"orthographic":false}